{
  "properties": {
    "connectionReferences": {},
    "definition": {
      "$schema": "https://schema.management.azure.com/providers/Microsoft.Logic/schemas/2016-06-01/workflowdefinition.json#",
      "contentVersion": "undefined",
      "parameters": {
        "$authentication": {
          "defaultValue": {},
          "type": "SecureObject"
        },
        "$connections": {
          "defaultValue": {},
          "type": "Object"
        }
      },
      "triggers": {
        "manual": {
          "type": "Request",
          "kind": "Button",
          "inputs": {
            "schema": {
              "type": "object",
              "properties": {
                "text": {
                  "description": "",
                  "title": "AppId",
                  "type": "string",
                  "x-ms-content-hint": "TEXT",
                  "x-ms-dynamically-added": true
                },
                "text_1": {
                  "description": "Please enter your input",
                  "title": "AppSecret",
                  "type": "string",
                  "x-ms-content-hint": "TEXT",
                  "x-ms-dynamically-added": true
                },
                "text_2": {
                  "description": "Please enter your input",
                  "title": "AppScopes",
                  "type": "string",
                  "x-ms-content-hint": "TEXT",
                  "x-ms-dynamically-added": true
                },
                "text_3": {
                  "description": "Please enter your input",
                  "title": "IdentityURL",
                  "type": "string",
                  "x-ms-content-hint": "TEXT",
                  "x-ms-dynamically-added": true
                }
              },
              "required": [
                "text",
                "text_1",
                "text_2",
                "text_3"
              ]
            }
          }
        }
      },
      "actions": {
        "HTTP-Get_Token": {
          "type": "Http",
          "inputs": {
            "uri": "@{triggerBody()?['text_3']}/connect/token",
            "method": "POST",
            "headers": {
              "Content-Type": "application/x-www-form-urlencoded"
            },
            "body": "grant_type=client_credentials&client_id=@{triggerBody()?['text']}&client_secret=@{triggerBody()?['text_1']}&scope=@{triggerBody()?['text_2']}"
          },
          "runAfter": {},
          "metadata": {
            "operationMetadataId": "0029a20a-dd33-4ca9-9160-69cf83207731"
          }
        },
        "Parse_JSON-Get_Token": {
          "type": "ParseJson",
          "inputs": {
            "content": "@body('HTTP-Get_Token')",
            "schema": {
              "type": "object",
              "properties": {
                "access_token": {
                  "type": "string"
                },
                "expires_in": {
                  "type": "integer"
                },
                "token_type": {
                  "type": "string"
                },
                "scope": {
                  "type": "string"
                }
              }
            }
          },
          "runAfter": {
            "HTTP-Get_Token": [
              "Succeeded"
            ]
          },
          "metadata": {
            "operationMetadataId": "83302ca5-e42d-4ca3-8a22-55ba434280ee"
          }
        },
        "Respond_to_a_Power_App_or_flow": {
          "type": "Response",
          "kind": "PowerApp",
          "inputs": {
            "schema": {
              "type": "object",
              "properties": {
                "bearertoken": {
                  "title": "BearerToken",
                  "type": "string",
                  "x-ms-content-hint": "TEXT",
                  "x-ms-dynamically-added": true
                }
              },
              "additionalProperties": {}
            },
            "statusCode": 200,
            "body": {
              "bearertoken": "@body('Parse_JSON-Get_Token')?['access_token']"
            }
          },
          "runAfter": {
            "Parse_JSON-Get_Token": [
              "SUCCEEDED"
            ]
          }
        }
      }
    },
    "templateName": null
  },
  "schemaVersion": "1.0.0.0"
}