{
  "properties": {
    "connectionReferences": {},
    "definition": {
      "$schema": "https://schema.management.azure.com/providers/Microsoft.Logic/schemas/2016-06-01/workflowdefinition.json#",
      "contentVersion": "undefined",
      "parameters": {
        "$authentication": {
          "defaultValue": {},
          "type": "SecureObject"
        },
        "$connections": {
          "defaultValue": {},
          "type": "Object"
        }
      },
      "triggers": {
        "manual": {
          "type": "Request",
          "kind": "Button",
          "inputs": {
            "schema": {
              "type": "object",
              "properties": {
                "text": {
                  "description": "",
                  "title": "OrchestratorURL",
                  "type": "string",
                  "x-ms-content-hint": "TEXT",
                  "x-ms-dynamically-added": true
                },
                "text_1": {
                  "description": "Please enter your input",
                  "title": "OrchestratorFolderPath",
                  "type": "string",
                  "x-ms-content-hint": "TEXT",
                  "x-ms-dynamically-added": true
                },
                "text_2": {
                  "description": "Please enter your input",
                  "title": "OrchestratorTenantName",
                  "type": "string",
                  "x-ms-content-hint": "TEXT",
                  "x-ms-dynamically-added": true
                },
                "text_3": {
                  "description": "Please enter your input",
                  "title": "BearerToken",
                  "type": "string",
                  "x-ms-content-hint": "TEXT",
                  "x-ms-dynamically-added": true
                },
                "text_4": {
                  "description": "Please enter your input",
                  "title": "QueueName",
                  "type": "string",
                  "x-ms-content-hint": "TEXT",
                  "x-ms-dynamically-added": true
                },
                "text_5": {
                  "description": "Please enter your input",
                  "title": "Priority",
                  "type": "string",
                  "x-ms-content-hint": "TEXT",
                  "x-ms-dynamically-added": true
                },
                "text_6": {
                  "description": "Please enter your input",
                  "title": "Reference",
                  "type": "string",
                  "x-ms-content-hint": "TEXT",
                  "x-ms-dynamically-added": true
                },
                "text_7": {
                  "description": "Please enter your input",
                  "title": "SpecificContentJSON",
                  "type": "string",
                  "x-ms-content-hint": "TEXT",
                  "x-ms-dynamically-added": true
                }
              },
              "required": [
                "text",
                "text_1",
                "text_2",
                "text_3",
                "text_4",
                "text_5",
                "text_6",
                "text_7"
              ]
            }
          }
        }
      },
      "actions": {
        "Parse_JSON-Add_Queue_Item_result": {
          "type": "ParseJson",
          "inputs": {
            "content": "@body('HTTP_Add_queue_Item')",
            "schema": {
              "type": "object",
              "properties": {
                "@@odata.context": {
                  "type": "string"
                },
                "AncestorUniqueKey": {},
                "ManualAncestorUniqueKey": {},
                "RobotId": {},
                "ParentOperationId": {},
                "OperationId": {},
                "OutputData": {},
                "AnalyticsData": {},
                "ReviewerUserId": {},
                "Key": {
                  "type": "string"
                },
                "Reference": {
                  "type": "string"
                },
                "DueDate": {},
                "RiskSlaDate": {},
                "DeferDate": {},
                "StartProcessing": {},
                "EndProcessing": {},
                "SecondsInPreviousAttempts": {
                  "type": "integer"
                },
                "AncestorId": {},
                "ManualAncestorId": {},
                "RetryNumber": {
                  "type": "integer"
                },
                "ManualRetryNumber": {
                  "type": "integer"
                },
                "UniqueKey": {
                  "type": "string"
                },
                "SpecificData": {
                  "type": "string"
                },
                "CreationTime": {
                  "type": "string"
                },
                "Progress": {},
                "RowVersion": {
                  "type": "string"
                },
                "OrganizationUnitId": {
                  "type": "integer"
                },
                "OrganizationUnitFullyQualifiedName": {},
                "QueueDefinitionId": {
                  "type": "integer"
                },
                "Encrypted": {
                  "type": "boolean"
                },
                "Status": {
                  "type": "string"
                },
                "ReviewStatus": {
                  "type": "string"
                },
                "ProcessingExceptionType": {},
                "Priority": {
                  "type": "string"
                },
                "HasVideoRecorded": {
                  "type": "boolean"
                },
                "Id": {
                  "type": "integer"
                },
                "ProcessingException": {},
                "SpecificContent": {
                  "type": "object",
                  "properties": {
                    "Type": {
                      "type": "string"
                    },
                    "FilePath": {
                      "type": "string"
                    }
                  }
                },
                "Output": {},
                "Analytics": {}
              }
            }
          },
          "runAfter": {
            "HTTP_Add_queue_Item": [
              "Succeeded"
            ]
          },
          "metadata": {
            "operationMetadataId": "83302ca5-e42d-4ca3-8a22-55ba434280ee"
          }
        },
        "Respond_to_a_Power_App_or_flow": {
          "type": "Response",
          "kind": "PowerApp",
          "inputs": {
            "schema": {
              "type": "object",
              "properties": {
                "queueitemid": {
                  "title": "QueueItemId",
                  "type": "string",
                  "x-ms-content-hint": "TEXT",
                  "x-ms-dynamically-added": true
                },
                "statuscode": {
                  "title": "StatusCode",
                  "type": "number",
                  "x-ms-content-hint": "NUMBER",
                  "x-ms-dynamically-added": true
                },
                "queueitemkey": {
                  "title": "QueueItemKey",
                  "type": "string",
                  "x-ms-content-hint": "TEXT",
                  "x-ms-dynamically-added": true
                }
              },
              "additionalProperties": {}
            },
            "statusCode": 200,
            "body": {
              "queueitemid": "@body('Parse_JSON-Add_Queue_Item_result')?['Id']",
              "statuscode": "@outputs('HTTP_Add_queue_Item')?['statusCode']",
              "queueitemkey": "@body('Parse_JSON-Add_Queue_Item_result')?['Key']"
            }
          },
          "runAfter": {
            "Parse_JSON-Add_Queue_Item_result": [
              "Succeeded"
            ]
          }
        },
        "HTTP_Add_queue_Item": {
          "type": "Http",
          "inputs": {
            "uri": "@{triggerBody()?['text']}/odata/Queues/UiPathODataSvc.AddQueueItem",
            "method": "POST",
            "headers": {
              "X-UIPATH-FolderPath": "@{triggerBody()?['text_1']}",
              "X-UIPATH-TenantName": "@{triggerBody()?['text_2']}",
              "Authorization": "Bearer @{triggerBody()?['text_3']}"
            },
            "body": "@outputs('Compose_final_payload')"
          },
          "runAfter": {
            "Compose_final_payload": [
              "Succeeded"
            ]
          },
          "metadata": {
            "operationMetadataId": "a3ff806a-c0a3-4413-bdca-1414437d8cd8"
          }
        },
        "Select-Build_Payload_item_data": {
          "type": "Select",
          "inputs": {
            "from": [
              {
                "Key": ""
              }
            ],
            "select": {
              "Name": "@triggerBody()?['text_4']",
              "Priority": "@triggerBody()?['text_5']",
              "Reference": "@triggerBody()?['text_6']",
              "SpecificContent": "@json(triggerBody()?['text_7'])"
            }
          },
          "runAfter": {}
        },
        "Select_-Build_payload": {
          "type": "Select",
          "inputs": {
            "from": [
              {
                "Key": ""
              }
            ],
            "select": {
              "itemData": "@body('Select-Build_Payload_item_data')[0]"
            }
          },
          "runAfter": {
            "Select-Build_Payload_item_data": [
              "Succeeded"
            ]
          }
        },
        "Compose_final_payload": {
          "type": "Compose",
          "inputs": "@body('Select_-Build_payload')[0]",
          "runAfter": {
            "Select_-Build_payload": [
              "Succeeded"
            ]
          }
        }
      }
    },
    "templateName": null
  },
  "schemaVersion": "1.0.0.0"
}