{"ProjectBreakpoints":"{\"Value\":{\"PrepareSDD_File.xaml\":[{\"ConditionalExpression\":null,\"ActionExpression\":null,\"ExpectedHitCounter\":null,\"ShouldContinueAfterAction\":false,\"IsEnabled\":true,\"ActivityIdRef\":\"Insert_Text_After_Bookmark_And_Get_Range_7\",\"ActivityId\":\"1.196\",\"ActivityName\":\"Insert Text After Bookmark And Get Range\"}]}}","ProjectWatches":"{\"Value\":[{\"Id\":\"8aff8440-f84c-4ac2-9712-ab7b320ecffa\",\"Expression\":\"int_folderID\"},{\"Id\":\"650417a7-3ebe-4f45-99bd-114809cfc9d3\",\"Expression\":\"myCheckboxesData\"},{\"Id\":\"c243637e-aa22-4c86-a54a-ec1185c8f6c4\",\"Expression\":\"json_packeges(\\\"value\\\").AsEnumerable()\"},{\"Id\":\"c7357044-f033-4cdb-b8b7-1a48efbaa64a\",\"Expression\":\"Newtonsoft.Json.JsonConvert.DeserializeObject(Of Jobject)(formOutput).Item(\\\"outputCheckBoxes\\\")\"},{\"Id\":\"8d183b66-82db-43d2-ad9e-a1c9aabe7207\",\"Expression\":\"json_packeges.ToString\"},{\"Id\":\"9fac92cf-8c4f-49df-a36a-eabb1fd4f3a7\",\"Expression\":\"version.ToString\"},{\"Id\":\"15b62389-68c9-47de-8628-44b661d53674\",\"Expression\":\"list_str_PackagesNames\"},{\"Id\":\"00917eca-9b55-4317-a339-a6d1fb062c02\",\"Expression\":\"outputCheckBoxes\"},{\"Id\":\"39148a32-715c-43a5-8172-ce00f1fa81eb\",\"Expression\":\"item(\\\"key\\\")\"},{\"Id\":\"59932464-8d10-445c-8a5a-b8d0c7f6bcd2\",\"Expression\":\"Newtonsoft.Json.JsonConvert.DeserializeObject(Of Jobject)(formOutput).Item(\\\"outputCheckBoxes\\\")\"},{\"Id\":\"661bc1a5-d101-49b0-b5c6-f965f5db8238\",\"Expression\":\"formOutput\"},{\"Id\":\"a696041e-8a4b-4a15-ad13-3c2244f8d184\",\"Expression\":\"outputCheckBoxes.Values\"},{\"Id\":\"8af63549-0023-4c82-84ff-2c6121ccfe58\",\"Expression\":\"item\"},{\"Id\":\"ae5db8c0-c4ec-4029-bdf5-3262fe689607\",\"Expression\":\"item.Name\"},{\"Id\":\"b62efff7-a567-4535-adbc-78eb69b80a9d\",\"Expression\":\"item.First\"},{\"Id\":\"8447664c-53c6-4cb9-9785-2023c7900417\",\"Expression\":\"item.Last\"},{\"Id\":\"e0b0a3cd-3eac-4326-8e6a-0d8d8c260409\",\"Expression\":\"item.HasValues\"},{\"Id\":\"82d312e4-560e-48cc-9adf-ea115b545058\",\"Expression\":\"item.Value\"},{\"Id\":\"7d13bc37-0ce6-4b8e-9b33-eace7bd6387c\",\"Expression\":\"Split(item.Name,\\\":\\\")(1)\"},{\"Id\":\"50bb6f4e-5de4-47bb-877d-1dda3fd158a4\",\"Expression\":\"item.ToString\"},{\"Id\":\"e3437f05-fca7-4987-b18b-28b8fc1295f9\",\"Expression\":\"item.Name.Substring(0,item.Name.LastIndexOf(\\\":\\\"))\"},{\"Id\":\"51141e17-ba7e-4d5e-992b-76d27ff9009c\",\"Expression\":\"item.Name.Substring(item.Name.LastIndexOf(\\\":\\\")+1)\"},{\"Id\":\"5989bc5c-f8ae-4c0f-9bd1-7bf727990cf9\",\"Expression\":\"Newtonsoft.Json.JsonConvert.DeserializeObject(Of JOBJECT)(formOutput).Item(\\\"outputCheckBoxes\\\").ToString\"}]}","OpenedDocuments":"[\"Get Assets.xaml\",\"Get Triggers.xaml\",\"CollectProcessInfo.xaml\",\"Tester.xaml\",\"Main.xaml\",\"PrepareSDD_File.xaml\"]"}