{"OpenedDocuments":"[\"Beginning Actions.xaml\"]","LibraryProjectSettings":"{\"IncludeSourcesByDefault\":false,\"UseCompilerV2\":false,\"CompileExpressions\":true,\"DefaultActivitiesRootCategories\":[\"HMS.Framework\",\"HmsTeam.Framework\"]}","ProjectBreakpoints":"{\"Value\":{\"tester.xaml\":[{\"ConditionalExpression\":null,\"ActionExpression\":null,\"ExpectedHitCounter\":null,\"ShouldContinueAfterAction\":false,\"IsEnabled\":true,\"ActivityIdRef\":\"LogMessage_1\",\"ActivityId\":\"1.3\",\"ActivityName\":\"Log Message\"},{\"ConditionalExpression\":null,\"ActionExpression\":null,\"ExpectedHitCounter\":null,\"ShouldContinueAfterAction\":false,\"IsEnabled\":true,\"ActivityIdRef\":\"Sequence_2\",\"ActivityId\":\"1.6\",\"ActivityName\":\"general\"},{\"ConditionalExpression\":null,\"ActionExpression\":null,\"ExpectedHitCounter\":null,\"ShouldContinueAfterAction\":false,\"IsEnabled\":true,\"ActivityIdRef\":\"Assign_3\",\"ActivityId\":\"1.8\",\"ActivityName\":\"Assign\"}],\"Send Transactions Report During a Job.xaml\":[{\"ConditionalExpression\":null,\"ActionExpression\":null,\"ExpectedHitCounter\":null,\"ShouldContinueAfterAction\":false,\"IsEnabled\":true,\"ActivityIdRef\":\"InvokeProcess_1\",\"ActivityId\":\"1.2\",\"ActivityName\":\"Invoke Process\"}]}}","ProjectWatches":"{\"Value\":[{\"Id\":\"693854ef-da32-44fc-afae-fbb75dd5226b\",\"Expression\":\"ProcessSetup.Project.DownTimes\"},{\"Id\":\"698447c8-11d4-436b-9baf-264aad38bf87\",\"Expression\":\"String.Join(\\\";\\\",String.Join(\\\";\\\",in_arr_arr_str_ProjectDownTimes_Weekday.Where(function(x) System.Text.RegularExpressions.Regex.IsMatch(x(0).Trim,\\\"^\\\\d{2}:\\\\d{2}$\\\") And System.Text.RegularExpressions.Regex.IsMatch(x(1).Trim,\\\"^\\\\d{2}:\\\\d{2}$\\\")).Select(function(x) String.Join(\\\",\\\",\\\"weekday\\\",x(0),x(1)))),String.Join(\\\";\\\",in_arr_arr_str_ProjectDownTimes_Friday.Where(function(x) System.Text.RegularExpressions.Regex.IsMatch(x(0).Trim,\\\"^\\\\d{2}:\\\\d{2}$\\\") And System.Text.RegularExpressions.Regex.IsMatch(x(1).Trim,\\\"^\\\\d{2}:\\\\d{2}$\\\")).Select(function(x) String.Join(\\\",\\\",\\\"friday\\\",x(0),x(1)))),String.Join(\\\";\\\",in_arr_arr_str_ProjectDownTimes_Saturday.Where(function(x) System.Text.RegularExpressions.Regex.IsMatch(x(0).Trim,\\\"^\\\\d{2}:\\\\d{2}$\\\") And System.Text.RegularExpressions.Regex.IsMatch(x(1).Trim,\\\"^\\\\d{2}:\\\\d{2}$\\\")).Select(function(x) String.Join(\\\",\\\",\\\"saturday\\\",x(0),x(1)))),String.Join(\\\";\\\",in_arr_arr_str_ProjectDownTimes_Specific.Where(function(x) System.Text.RegularExpressions.Regex.IsMatch(x(0).Trim,\\\"^\\\\d{1,2}/\\\\d{1,2}/\\\\d{4}$\\\") And System.Text.RegularExpressions.Regex.IsMatch(x(1).Trim,\\\"^\\\\d{2}:\\\\d{2}$\\\") And System.Text.RegularExpressions.Regex.IsMatch(x(2).Trim,\\\"^\\\\d{2}:\\\\d{2}$\\\")).Select(function(x) String.Join(\\\",\\\",x(0),x(1),x(2)))))\"},{\"Id\":\"bdc88b20-1b46-4234-82a1-f8b5e7f37794\",\"Expression\":\"io_ProcessSetup.Environment.OrchestratorAuth\"}]}"}