{"OpenedDocuments":"[\"Create_Add/Create Queue Item.xaml\",\"DoesNeedAuthFirst.xaml\",\"Special/Retry Transaction Item.s.xaml\",\"Drafts/tester.xaml\"]","ProjectBreakpoints":"{\"Value\":{\"Special/Retry Transaction Item.s.xaml\":[{\"ConditionalExpression\":null,\"ActionExpression\":null,\"ExpectedHitCounter\":null,\"ShouldContinueAfterAction\":false,\"IsEnabled\":true,\"ActivityIdRef\":\"Flowchart_2\",\"ActivityId\":\"1.16\",\"ActivityName\":\"Flowchart\"}],\"Drafts/tester.xaml\":[{\"ConditionalExpression\":null,\"ActionExpression\":null,\"ExpectedHitCounter\":null,\"ShouldContinueAfterAction\":false,\"IsEnabled\":true,\"ActivityIdRef\":\"InvokeWorkflowFile_2\",\"ActivityId\":\"1.45\",\"ActivityName\":\"Invoke Retry Transaction Item.s workflow\"},{\"ConditionalExpression\":null,\"ActionExpression\":null,\"ExpectedHitCounter\":null,\"ShouldContinueAfterAction\":false,\"IsEnabled\":true,\"ActivityIdRef\":\"InvokeWorkflowFile_1\",\"ActivityId\":\"1.36\",\"ActivityName\":\"Invoke Set Asset Value workflow\"}]}}","ProjectWatches":"{\"Value\":[]}","LibraryProjectSettings":"{\"IncludeSourcesByDefault\":false,\"UseCompilerV2\":false,\"CompileExpressions\":true,\"DefaultActivitiesRootCategories\":[\"HMS.OrchestratorAPI\"]}"}